{"cameraMode":{"drawMode":0,"name":"Shaded","section":"Shading Mode"},"sceneLighting":true,"audioPlay":false,"sceneViewState":{"showFog":true,"showMaterialUpdate":false,"showSkybox":false,"showFlares":true,"showImageEffects":true,"showParticleSystems":true},"in2DMode":false,"pivot":{"x":2.1193735599517824,"y":3.126420021057129,"z":2.9911108016967775},"rotation":{"x":0.3870130181312561,"y":0.04146714136004448,"z":-0.01742767170071602,"w":0.9209945201873779},"size":7.288693904876709,"orthographic":false}